rank,uri,artist_names,track_name,source,peak_rank,previous_rank,days_on_chart,streams
1,"spotify:track:6tNQ70jh4OwmPGpYy6R2o9","Benson Boone","Beautiful Things","Night Street Records, Inc./Warner Records Inc.",1,1,42,"6586995"
2,"spotify:track:3w0w2T288dec0mgeZZqoNN","¥$, Kanye West, Ty Dolla $ign, Rich The Kid, Playboi Carti","CARNIVAL","Ye",1,2,20,"6444187"
3,"spotify:track:7AYmToZ5y67fBjq4RLFbuq","Beyoncé","TEXAS HOLD 'EM","Parkwood Entertainment/Columbia",1,3,18,"5162841"
4,"spotify:track:3qhlB30KknSejmIvZZLjOD","Djo","End of Beginning","Djo",4,7,13,"4791284"
5,"spotify:track:3rUGC1vUpkDG9CZFHMur1t","Tate McRae","greedy","RCA Records Label",1,4,168,"4613140"
6,"spotify:track:1BxfuPKGuaTgP7aM0Bbdwr","Taylor Swift","Cruel Summer","Taylor Swift",2,5,389,"4562959"
7,"spotify:track:17phhZDn6oGtzMe56NuWvj","Teddy Swims","Lose Control","Warner Records",6,6,106,"4421117"
8,"spotify:track:1VNWdmXSbaNrnWod10WIL0","The Weeknd, JENNIE, Lily-Rose Depp","One Of The Girls (with JENNIE, Lily Rose Depp)","Universal Republic Records",2,8,145,"4178696"
9,"spotify:track:52eIcoLUM25zbQupAZYoFh","21 Savage","redrum","Slaughter Gang, LLC/Epic Records",6,12,49,"3982216"
10,"spotify:track:0R6NfOiLzLj4O5VbYSJAjf","Xavi","La Diabla","Interscope Records",1,9,84,"3926929"
11,"spotify:track:0mflMxspEfB0VbI1kyLiAv","Noah Kahan","Stick Season","Mercury Records/Republic Records",6,10,143,"3858326"
12,"spotify:track:3vkCueOmm7xQDoJ17W1Pm3","Mitski","My Love Mine All Mine","Dead Oceans",2,11,164,"3851143"
13,"spotify:track:7bywjHOc0wSjGGbj04XbVi","Feid, ATL Jacob","LUNA","UMLE - Latino",7,14,87,"3362286"
14,"spotify:track:3h5TiWTqGxjSjFrbruPFH9","YG Marley","Praise Jah In The Moonlight","YG Marley Music",10,13,35,"3312292"
15,"spotify:track:4xhsWYTOGcal8zt0J161CU","Jack Harlow","Lovin On Me","Generation Now/Atlantic",2,15,112,"3182065"
16,"spotify:track:3U5JVgI2x4rDyHGObzJfNf","Natasha Bedingfield","Unwritten","Sony Music CG",14,16,50,"3091614"
17,"spotify:track:6XjDF6nds4DE2BBbagZol6","FloyyMenor, Cris Mj","Gata Only","FloyyMenor under exclusive license to UnitedMasters LLC",17,19,20,"3074969"
18,"spotify:track:1bjeWoagtHmUKputLVyDxQ","SZA","Saturn","Top Dawg Entertainment/RCA Records",12,17,7,"2961207"
19,"spotify:track:5XeFesFbtLpXzIVDNQP22n","Arctic Monkeys","I Wanna Be Yours","Domino Recording Co",11,18,603,"2880659"
20,"spotify:track:6Qb7YsAqH4wWFUMbGsCpap","Dua Lipa","Training Season","Warner Records",7,21,14,"2678593"
21,"spotify:track:7iUtQNMRB8ZkKC4AmEuCJC","Myke Towers","LA FALDA","WEA Latina",20,25,65,"2672256"
22,"spotify:track:4OMJGnvZfDvsePyCwRGO7X","Dua Lipa","Houdini","Warner Records",2,23,112,"2665966"
23,"spotify:track:5XVdHRf4CAJ2Jm0uMIy5qY","Xavi","La Víctima","Interscope Records",6,20,100,"2658177"
24,"spotify:track:7GUhiAHLoVy1V8ucQuZ3CB","The Weeknd, Playboi Carti, Madonna","Popular (with Playboi Carti & Madonna)","Universal Republic Records",10,22,273,"2619950"
25,"spotify:track:3hRV0jL3vUpRrcy398teAU","Lord Huron","The Night We Met","Play It Again Sam",24,24,577,"2585138"
26,"spotify:track:7MXVkk9YMctZqd1Srtv4MB","The Weeknd, Daft Punk","Starboy","Universal Republic Records",1,30,1243,"2553369"
27,"spotify:track:7iQXYTyuG13aoeHxGG28Nh","Bad Bunny, Feid","PERRO NEGRO","Rimas Entertainment LLC",3,26,140,"2551365"
28,"spotify:track:2HRgqmZQC0MC7GeNuDIXHN","Jung Kook, Latto","Seven (feat. Latto) (Explicit Ver.)","BIGHIT MUSIC",1,27,231,"2487515"
29,"spotify:track:42VsgItocQwOQC3XWZ8JNA","Travis Scott, Playboi Carti","FE!N (feat. Playboi Carti)","Cactus Jack/Epic",3,32,172,"2443067"
30,"spotify:track:7gaA3wERFkFkgivjwbSvkG","Ariana Grande","yes, and?","Republic Records",1,28,49,"2435933"
31,"spotify:track:1kuGVB7EU95pJObxwvfwKS","Olivia Rodrigo","vampire","Olivia Rodrigo PS",1,29,245,"2419527"
32,"spotify:track:7DSAEUvxU8FajXtRloy8M0","Miley Cyrus","Flowers","Columbia",1,34,413,"2398099"
33,"spotify:track:5RqSsdzTNPX1uzkmlHCFvK","KAROL G, Peso Pluma","QLONA","Bichota/Interscope Records",4,33,203,"2379580"
34,"spotify:track:4iZ4pt7kvcaH6Yo8UoZ4s2","SZA","Snooze","Top Dawg Entertainment/RCA Records",25,36,438,"2339524"
35,"spotify:track:5mjYQaktjmjcMKcUIcqz4s","Kenya Grace","Strangers","Warner Records/Major Recordings",3,31,182,"2310241"
36,"spotify:track:4KULAymBBJcPRpk1yO4dOG","Zach Bryan, Kacey Musgraves","I Remember Everything (feat. Kacey Musgraves)","Warner Records",13,37,188,"2302630"
37,"spotify:track:0paWX66K9n7sYR9AkKkyzB","Beat Record","Standing Next to You - Sped Up - Remix","Pablo Nunes",1,48,119,"2252313"
38,"spotify:track:7yq4Qj7cqayVTp3FF9CWbm","Vance Joy","Riptide","F-Stop Records/Atlantic",28,35,1114,"2240350"
39,"spotify:track:56y1jOTK0XSvJzVv9vHQBK","Doja Cat","Paint The Town Red","Kemosabe Records/RCA Records",1,41,210,"2230770"
40,"spotify:track:5aIVCx5tnk0ntmdiinnYvw","Tyla","Water","FAX Records/Epic",8,38,164,"2222940"
41,"spotify:track:7BqBn9nzAq8spo5e7cZ0dJ","Bruno Mars","Just the Way You Are","Elektra (NEK)",32,39,428,"2214172"
42,"spotify:track:04CyMEHliadfQWMUJb1w99","¥$, Kanye West, Ty Dolla $ign","BURN","Ye",8,43,20,"2199986"
43,"spotify:track:4UkUxO2WlKLc0Q1iEutGGh","KAROL G, Tiësto","CONTIGO (with Tiësto)","Bichota/Interscope Records",22,46,15,"2159567"
44,"spotify:track:1odExI7RdWc4BT515LTAwj","David Kushner","Daylight","Miserable Music Group, LLC",4,40,322,"2146802"
45,"spotify:track:6uTPdRrEDeH8Fyg5L5qmeU","Flo Milli","Never Lose Me","'94 Sounds/RCA Records",23,45,49,"2136870"
46,"spotify:track:4Dvkj6JhhA12EX05fT7y2e","Harry Styles","As It Was","Columbia",1,47,701,"2124169"
47,"spotify:track:6XaJfhwof7qIgbbXO5tIQI","Kali Uchis, Peso Pluma","Igual Que Un Ángel (with Peso Pluma)","Geffen Records",8,42,49,"2114164"
48,"spotify:track:6wf7Yu7cxBSPrRlWeSeK0Q","Billie Eilish","What Was I Made For? [From The Motion Picture ""Barbie""]","Darkroom/Interscope Records",2,44,232,"2099548"
49,"spotify:track:2Zo1PcszsT9WQ0ANntJbID","Sabrina Carpenter","Feather","Island Records",31,49,90,"2061173"
50,"spotify:track:69phA1R4gmQsBFRQ3INW8C","Rich Amiri","ONE CALL","Internet Money Records / 10K Projects",44,55,32,"2049392"
51,"spotify:track:05WVKTdZhlIMX4qqMLuo0f","Peso Pluma, Anitta","BELLAKEO","Double P Records",8,50,83,"2045560"
52,"spotify:track:4tKGFmENO69tZR9ahgZu48","Sophie Ellis-Bextor","Murder On The Dancefloor","Polydor Records",12,52,61,"1989828"
53,"spotify:track:6wsqVwoiVH2kde4k4KKAFU","Travis Scott","I KNOW ?","Cactus Jack/Epic",11,61,215,"1940223"
54,"spotify:track:2LBqCSwhJGcFQeTHMVGwy3","The Weeknd","Die For You","Universal Republic Records",9,57,757,"1926585"
55,"spotify:track:0VjIjW4GlUZAMYd2vXMi3b","The Weeknd","Blinding Lights","Republic Records",1,58,1554,"1923843"
56,"spotify:track:2O4Bb2WCkjlTPO827OnBMI","LE SSERAFIM","EASY","SOURCE MUSIC",52,56,11,"1913776"
57,"spotify:track:3QQAeMQbbjZXVFbF8DgFWT","Oscar Ortiz, Edgardo Nuñez","FIRST LOVE","Badsin Records, LLC",31,53,49,"1877961"
58,"spotify:track:1dGr1c8CrMLDpV6mPbImSI","Taylor Swift","Lover","Taylor Swift",2,60,399,"1871773"
59,"spotify:track:3AJwUDP919kvQ9QcozQPxg","Coldplay","Yellow","Parlophone UK",29,59,1155,"1868010"
60,"spotify:track:1Qrg8KqiBpW07V7PNxwwwL","SZA","Kill Bill","Top Dawg Entertainment/RCA Records",1,62,448,"1865016"
61,"spotify:track:57wp7VFnV8X0pSVnYArGeJ","Bryson Tiller","Whatever She Wants","TrapSoul/RCA Records",61,72,11,"1861106"
62,"spotify:track:6uIIdjYTxxpWOyWuVXrKQO","Calle 24, Chino Pacas, Fuerza Regida","Que Onda","Street Mob Records - Rancho Humilde",13,63,182,"1853997"
63,"spotify:track:7qEHsqek33rTcFNT9PFqLf","Lewis Capaldi","Someone You Loved","Vertigo Berlin",4,54,1866,"1851662"
64,"spotify:track:0V3wPSX9ygBnCm8psDIegu","Taylor Swift","Anti-Hero","Taylor Swift",1,64,495,"1847514"
65,"spotify:track:1yeB8MUNeLo9Ek1UEpsyz6","Drake, Sexyy Red, SZA","Rich Baby Daddy (feat. Sexyy Red & SZA)","OVO/Republic",22,65,138,"1845417"
66,"spotify:track:0B7wvvmu9EISAwZnOpjhNI","Bruno Mars","When I Was Your Man","Atlantic Records",28,51,525,"1841285"
67,"spotify:track:0TUW9faHNaBmi89wsYGp9y","Trueno, Nicki Nicole, Bizarrap, Taiu, TATOOL","Mamichula - con Nicki Nicole","NEUEN",33,69,108,"1824034"
68,"spotify:track:7jtQIBanIiJOMS6RyCx6jZ","Tom Odell","Another Love","ITNO/Columbia",11,73,1051,"1823813"
69,"spotify:track:1vYXt7VSjH9JIM5oRRo7vA","Dua Lipa","Dance The Night - From Barbie The Album","Atlantic Records",4,75,279,"1811681"
70,"spotify:track:1zi7xx7UVEFkmKfv06H8x0","Drake, Wizkid, Kyla","One Dance","Cash Money Records/Young Money Ent./Universal Rec.",5,67,1253,"1809870"
71,"spotify:track:6VciS3dRMpZhJiDxT8ArFi","Bizarrap, Young Miko","Young Miko: Bzrp Music Sessions, Vol. 58","DALE PLAY Records",10,74,50,"1797336"
72,"spotify:track:3Ua0m0YmEjrMi9XErKcNiR","Jimin","Like Crazy","BIGHIT MUSIC",1,68,340,"1793686"
73,"spotify:track:4bw8mcDUSRWfQo63ZTYRnU","Maluma, Carin Leon","Según Quién","Sony Music Latin",16,77,169,"1787650"
74,"spotify:track:0kdqcbwei4MDWFEX5f33yG","Creepy Nuts","Bling-Bang-Bang-Born","Sony Music Labels Inc.",52,70,48,"1780075"
75,"spotify:track:6CvTEtGagmzQvkUzzyKR9k","Fuerza Regida, Marshmello","HARLEY QUINN","Rancho Humilde/Street Mob Records",10,66,127,"1775999"
76,"spotify:track:2QjOHCTQ1Jl3zawyYOpxh6","The Neighbourhood","Sweater Weather","Columbia",19,71,1284,"1775524"
77,"spotify:track:6dpLxbF7lfCAnC9QRTjNLK","Good Neighbours","Home","Some Action",56,76,28,"1769315"
78,"spotify:track:5NAOhPAZ57eFAXr3qatS6i","Yeat","Breathe","Field Trip Recordings/Capitol Records",69,80,14,"1736554"
79,"spotify:track:4KW1lqgSr8TKrvBII0Brf8","Kanye West","Father Stretch My Hands Pt. 1","Rock The World/IDJ/Kanye LP7",64,99,90,"1734292"
80,"spotify:track:59NraMJsLaMCVtwXTSia8i","cassö, RAYE, D-Block Europe","Prada","Ministry of Sound Recordings",14,87,196,"1730234"
81,"spotify:track:60a0Rd6pjrkxjPbaKzXjfq","Linkin Park","In the End","Warner Records",7,88,311,"1712487"
82,"spotify:track:5PyDJG7SQRgWXefgexqIge","Doja Cat","Agora Hills","Kemosabe Records/RCA Records",13,86,161,"1703574"
83,"spotify:track:6me7F0aaZjwDo6RJ5MrfBD","Richy Mitch & The Coal Miners","Evergreen","Richy Mitch & The Coal Miners",71,78,48,"1698948"
84,"spotify:track:1udwFobQ1JoOdWPQrp2b6u","JID, 21 Savage, Baby Tate","Surround Sound (feat. 21 Savage & Baby Tate)","Dreamville/Interscope",30,85,109,"1698107"
85,"spotify:track:0yc6Gst2xkRu0eMLeRMGCX","Cigarettes After Sex","Apocalypse","Partisan Records",71,100,573,"1697809"
86,"spotify:track:4E63weMCaNZuGPEFMnuEi8","Tate McRae","exes","RCA Records Label",20,84,103,"1688401"
87,"spotify:track:4fYte8ZvTK14NEhAOZocBi","OneRepublic","I Ain't Worried","Interscope Records",7,89,633,"1679540"
88,"spotify:track:4uUG5RXrOk84mYEfFvj3cK","David Guetta, Bebe Rexha","I'm Good (Blue)","Parlophone UK",1,92,551,"1675821"
89,"spotify:track:4EWCNWgDS8707fNSZ1oaA5","Kanye West","Heartless","Roc-A-Fella",72,79,229,"1666936"
90,"spotify:track:4kjI1gwQZRKNDkw1nI475M","Travis Scott","MY EYES","Cactus Jack/Epic",7,95,113,"1651167"
91,"spotify:track:0RiRZpuVRbi7oqRdSMwhQY","Post Malone, Swae Lee","Sunflower - Spider-Man: Into the Spider-Verse","Republic Records",1,81,1905,"1649636"
92,"spotify:track:6Qyc6fS4DsZjB2mRW9DsQs","The Goo Goo Dolls","Iris","Warner Records",85,97,201,"1641538"
93,"spotify:track:6I3mqTwhRpn34SLVafSH7G","Justin Bieber","Ghost","RBMG/Def Jam",10,94,869,"1637986"
94,"spotify:track:5g7sDjBhZ4I3gcFIpkrLuI","Bruno Mars","Locked out of Heaven","Atlantic Records",36,91,620,"1629742"
95,"spotify:track:1JSTJqkT5qHq8MDJnJbRE1","The Police","Every Breath You Take","Polydor Records",52,90,869,"1623932"
96,"spotify:track:1mea3bSkSGXuIRvnydlB5b","Coldplay","Viva La Vida","Parlophone UK",52,106,551,"1622949"
97,"spotify:track:2LawezPeJhN4AWuSB0GtAU","Creedence Clearwater Revival","Have You Ever Seen The Rain","Craft Recordings",74,93,188,"1610920"
98,"spotify:track:4R2kfaDFhslZEMJqAFNpdd","Taylor Swift","cardigan","Taylor Swift",1,83,450,"1610149"
99,"spotify:track:1kqH58eGh2ZTOHwqBIB2tM","Mesita, Nicki Nicole, Tiago PZK, Emilia","Una Foto Remix (feat. Emilia)","Mesita",51,96,50,"1609855"
100,"spotify:track:1zv3WFUbZ5vPxFq9I2jAU1","Rihanna, Calvin Harris","We Found Love","Def Jam Recordings",18,122,336,"1604871"
101,"spotify:track:2HafqoJbgXdtjwCOvNEF14","iñigo quintero","Si No Estás","Acqustic",1,98,158,"1590679"
102,"spotify:track:3xKsf9qdS1CyvXSMEid6g8","Frank Ocean","Pink + White","Boys Don't Cry",59,82,276,"1575000"
103,"spotify:track:2tpWsVSb9UEmDRxAl1zhX1","OneRepublic","Counting Stars","Mosley / Interscope",78,103,1050,"1573085"
104,"spotify:track:7KA4W4McWYRpgf0fWsJZWB","Tyler, The Creator, Kali Uchis","See You Again (feat. Kali Uchis)","Columbia",13,101,362,"1543309"
105,"spotify:track:1Iq8oo9XkmmvCQiGOfORiz","Taylor Swift","Is It Over Now? (Taylor's Version) (From The Vault)","Taylor Swift",1,110,125,"1543128"
106,"spotify:track:3hxIUxnT27p5WcmjGUXNwx","Hotel Ugly","Shut up My Moms Calling","Hotel Ugly, under exclusive license to Amuseio AB",65,109,412,"1541606"
107,"spotify:track:5bXgMzxuNymWhpwkgvYn4O","Lazza","100 MESSAGGI","Universal Music Italia srL.",59,102,3,"1537043"
108,"spotify:track:2N0SPREDYqILVEFSsWF5N5","V","Love Me Again","BIGHIT MUSIC",10,116,203,"1534940"
109,"spotify:track:0LMwmV37RCmBO2so0szAFs","Kygo, Ava Max","Whatever","Kygo/RCA Records",78,117,41,"1525278"
110,"spotify:track:0WIv5qV41y6YjjB9V1biuC","Muni Long","Made For Me","Supergiant Records, LLC / Def Jam Recordings",110,112,14,"1520878"
111,"spotify:track:5tEaVciE2GnR28aN6W9cLS","¥$, Kanye West, Ty Dolla $ign","FUK SUMN","Ye",3,104,20,"1518793"
112,"spotify:track:505v13epFXodT9fVAJ6h8k","KAROL G","AMARGURA","Universal Music Latino",50,107,285,"1515640"
113,"spotify:track:7lQ8MOhq6IN2w8EYcFNSUk","Eminem","Without Me","Aftermath",29,120,881,"1503219"
114,"spotify:track:6dgUya35uo964z7GZXM07g","Sabrina Carpenter","Nonsense","Island Records",12,119,406,"1502009"
115,"spotify:track:7j4OmvkjRz0PrjFADlHfQx","Adele","Set Fire to the Rain","XL Recordings",46,114,440,"1491667"
116,"spotify:track:3Pbp7cUCx4d3OAkZSCoNvn","Michael Marcagi","Scared To Start","Warner Records",105,111,31,"1478321"
117,"spotify:track:5gDWsRxpJ2lZAffh5p7K0w","The Weeknd, Lana Del Rey","Stargirl Interlude","Universal Republic Records",79,108,555,"1473394"
118,"spotify:track:4RvWPyQ5RL0ao9LPZeSouE","Tears For Fears","Everybody Wants To Rule The World","UMC (Universal Music Catalogue)",80,126,520,"1471669"
119,"spotify:track:68Dni7IE4VyPkTOH9mRWHr","J. Cole","No Role Modelz","Roc Nation Records LLC",65,123,964,"1467729"
120,"spotify:track:0u2P5u6lvoDfwTYjAADbn4","Billie Eilish, Khalid","lovely (with Khalid)","Darkroom",19,118,2130,"1467098"
121,"spotify:track:6rjuKpPydT2SxN15TZpV7r","Lil Tecca","500lbs","Galactic Records/Lil Tecca",82,127,135,"1461064"
122,"spotify:track:5qaEfEh1AtSdrdrByCP7qR","Imagine Dragons","Demons","Kid Ina Korner / Interscope",97,113,441,"1459994"
123,"spotify:track:4rXLjWdF2ZZpXCVTfWcshS","Gunna","fukumean","300 Entertainment",6,137,257,"1458004"
124,"spotify:track:0ll8uFnc0nANY35E0Lfxvg","Keane","Somewhere Only We Know","Universal-Island Records Ltd.",63,130,476,"1452830"
125,"spotify:track:4lR8sYGMGZPvthF2yUfo7T","LE SSERAFIM","Smart","SOURCE MUSIC",121,134,10,"1451883"
126,"spotify:track:1xK59OXxi2TAAAbmZK0kBL","d4vd","Romantic Homicide","Darkroom/Interscope Records",17,115,542,"1449336"
127,"spotify:track:4SqWKzw0CbA05TGszDgMlc","The Walters","I Love You So","Warner Records",18,105,656,"1440513"
128,"spotify:track:1R0a2iXumgCiFb7HEZ7gUE","Taylor Swift","Don’t Blame Me","Big Machine Records, LLC",68,121,561,"1437898"
129,"spotify:track:3WMj8moIAXJhHsyLaqIIHI","Zach Bryan","Something in the Orange","Warner Records",53,131,425,"1437870"
130,"spotify:track:01qFKNWq73UfEslI0GvumE","Jung Kook, Jack Harlow","3D (feat. Jack Harlow)","BIGHIT MUSIC",1,133,154,"1435371"
131,"spotify:track:7ABLbnD53cQK00mhcaOUVG","Myke Towers","LALA","WEA Latina",1,124,247,"1430600"
132,"spotify:track:3tt9i3Hhzq84dPS8H7iSiJ","Manuel Turizo","La Bachata","Sony Music Latin/La Industria",3,132,607,"1423027"
133,"spotify:track:6dBUzqjtbnIa1TwYbyw5CM","TV Girl","Lovers Rock","TV Girl",92,129,240,"1420817"
134,"spotify:track:086myS9r57YsLbJpU0TgK9","Arctic Monkeys","Why'd You Only Call Me When You're High?","Domino Recording Co",85,146,771,"1404096"
135,"spotify:track:567e29TDzLwZwfDuEpGTwo","The Kid LAROI, Justin Bieber","STAY (with Justin Bieber)","Columbia",1,164,960,"1400550"
136,"spotify:track:2YSzYUF3jWqb9YP9VXmpjE","Drake, Yeat","IDGAF (feat. Yeat)","OVO/Republic",3,136,147,"1396239"
137,"spotify:track:51qYdMBxt9mFbtZBzq1Yfi","Julión Álvarez y su Norteño Banda","Regalo De Dios","UMLE - Fonovisa",76,125,13,"1395857"
138,"spotify:track:2dHHgzDwk4BJdRwy9uXhTO","Metro Boomin, The Weeknd, 21 Savage","Creepin' (with The Weeknd & 21 Savage)","Republic Records",1,135,453,"1394463"
139,"spotify:track:6XbtvPmIpyCbjuT0e8cQtp","Quevedo","Columbia","Quevedo",5,147,238,"1382312"
140,"spotify:track:7K3BhSpAxZBznislvUMVtn","Morgan Wallen","Last Night","Big Loud Records / Mercury Records / Republic Records",10,138,381,"1380909"
141,"spotify:track:5QO79kh1waicV47BqGRL3g","The Weeknd","Save Your Tears","Republic Records",2,128,1137,"1362035"
142,"spotify:track:561jH07mF1jHuk7KlaeF0s","Eminem","Mockingbird","Aftermath",20,140,501,"1361479"
143,"spotify:track:58ge6dfP91o9oXMzq3XkIS","Arctic Monkeys","505","Domino Recording Co",40,155,790,"1356436"
144,"spotify:track:1FEiijYPJtyswChfcpv3p0","Lana Del Rey","Summertime Sadness","Polydor Records",74,139,562,"1350964"
145,"spotify:track:3USxtqRwSYz57Ewm6wWRMp","Glass Animals","Heat Waves","Polydor Records",1,156,1143,"1341985"
146,"spotify:track:2a1o6ZejUi8U3wzzOtCOYw","Lucenzo, Big Ali","Vem Dancar Kuduro","Universal Music Distributed Labels",87,160,155,"1341775"
147,"spotify:track:1s7oOCT8vauUh01PbJD6ps","Rema, Selena Gomez","Calm Down (with Selena Gomez)","Mavin Records / Jonzing World",8,154,551,"1324477"
148,"spotify:track:3hUxzQpSfdDqwM3ZTFQY0K","Taylor Swift","august","Taylor Swift",4,143,379,"1322032"
149,"spotify:track:0pqnGHJpmpxLKifKRmU6WP","Imagine Dragons","Believer","Kid Ina Korner / Interscope",15,159,2547,"1317650"
150,"spotify:track:2yzshFeBIwH8tWIqHEFLeD","Grupo Frontera, Bad Bunny","un x100to","Grupo Frontera",1,141,319,"1316595"
151,"spotify:track:5TRPicyLGbAF2LGBFbHGvO","Kanye West, Dwele","Flashing Lights","Roc-A-Fella",113,145,178,"1311304"
152,"spotify:track:4loIMejzvt11s97SGVEat8","Xavi, Los Dareyes De La Sierra","Poco A Poco","Interscope Records",58,142,72,"1310907"
153,"spotify:track:0tgVpDi06FyKpA1z0VMD4v","Ed Sheeran","Perfect","Atlantic Records UK",3,158,2520,"1289045"
154,"spotify:track:5FVd6KXrgO9B3JPmC8OPst","Arctic Monkeys","Do I Wanna Know?","Domino Recording Co",91,163,860,"1288959"
155,"spotify:track:1hZsWUnLbqRw09jLAMQSsb","Feid, Young Miko","CLASSY 101","UMLE - Latino",6,144,335,"1284184"
156,"spotify:track:6JIC3hbC28JZKZ8AlAqX8h","Elton John, Dua Lipa, PNAU","Cold Heart - PNAU Remix","EMI",2,178,880,"1282302"
157,"spotify:track:4gbVRS8gloEluzf0GzDOFc","Maroon 5","Maps","Interscope Records*",153,171,64,"1281251"
158,"spotify:track:3GCdLUSnKSMJhs4Tj6CV3s","Kendrick Lamar, SZA","All The Stars (with SZA)","Black Panther (TDE/DMG) PS",2,150,322,"1278709"
159,"spotify:track:2Hh3ETdQKrmSI3QS0hme7g","Metro Boomin, Future, Don Toliver","Too Many Nights (feat. Don Toliver & with Future)","Republic Records",26,149,342,"1278541"
160,"spotify:track:4GvEuYAfJlICR2SpMDaBxQ","Jere Klein, Gittobeatz","ANDO","2023 JERE KLEIN",81,166,94,"1277077"
161,"spotify:track:25OeKzcqakFPaJlXHPE5lm","Carin Leon","Primera Cita","Socios Music LLC",18,181,248,"1274859"
162,"spotify:track:6ED7qim1NAX1HjNU8039WS","Eugenio Esquivel, Grupo Marca Registrada, Sebastian Esquivel","Alucin","WKMX, División of WK Records / RB Records",50,151,64,"1272891"
163,"spotify:track:75JFxkI2RXiU7L9VXzMkle","Coldplay","The Scientist","Parlophone Records Limited",122,152,224,"1271562"
164,"spotify:track:4MjDJD8cW7iVeWInc2Bdyj","Bad Bunny","MONACO","Rimas Entertainment LLC",1,167,140,"1261937"
165,"spotify:track:3dYD57lRAUcMHufyqn9GcI","Hozier","Take Me To Church","Universal-Island Records Ltd.",91,176,866,"1261590"
166,"spotify:track:6RcAHyC5sAUIbPTkhOQwd8","Junior H","Y LLORO","WEA Latina",53,153,145,"1260345"
167,"spotify:track:1ei3hzQmrgealgRKFxIcWn","Benson Boone","In The Stars","Warner Records",49,148,161,"1248778"
168,"spotify:track:3bK1zVFBKIzYjmptmI4NsJ","Ofenbach, Norma Jean Martine","Overdrive (feat. Norma Jean Martine)","Elektra France",166,185,18,"1246901"
169,"spotify:track:70LcF31zb1H0PyJoS1Sx1r","Radiohead","Creep","XL Recordings",109,172,227,"1246070"
170,"spotify:track:6gBFPUFcJLzWGx4lenP6h2","Travis Scott","goosebumps","Cactus Jack / Epic",10,182,1656,"1244681"
171,"spotify:track:5wG3HvLhF6Y5KTGlK0IW3J","Metro Boomin, Travis Scott, Young Thug","Trance (with Travis Scott & Young Thug)","Republic Records",42,173,266,"1244566"
172,"spotify:track:7fBv7CLKzipRk6EC6TWHOB","The Weeknd","The Hills","Universal Republic Records",24,162,682,"1241658"
173,"spotify:track:4xqrdfXkTW4T0RauPLv3WA","Conan Gray","Heather","Republic Records",11,169,1015,"1241261"
174,"spotify:track:3azJifCSqg9fRij2yKIbWz","Tory Lanez","The Color Violet","One Umbrella Records",60,184,365,"1240150"
175,"spotify:track:5uCax9HTNlzGybIStD3vDh","James Arthur","Say You Won't Let Go","Columbia",7,168,2052,"1237864"
176,"spotify:track:2WfaOiMkCvy7F5fcp2zZ8L","a-ha","Take on Me","Rhino",39,190,246,"1236628"
177,"spotify:track:3EaJDYHA0KnX88JvDhL9oa","Steve Lacy","Dark Red","Three Quarter",58,188,770,"1236529"
178,"spotify:track:0O3U5iwTbiXCREMkvotJuN","Grupo Frontera, Grupo Firme","EL AMOR DE SU VIDA","Grupo Frontera",24,186,210,"1234714"
179,"spotify:track:4BP3uh0hFLFRb5cjsgLqDh","Creedence Clearwater Revival","Fortunate Son","Craft Recordings",135,161,18,"1231410"
180,"spotify:track:2kz1YOhJiNubjigR1gB1VX","Rauw Alejandro","DILUVIO","Sony Music Latin/Duars Entertainment",58,165,111,"1230177"
181,"spotify:track:1sXr6moCwVxwKEgSPxhVvF","Calle 24, Chino Pacas","Apaga El Cel","Street Mob Records - Rancho Humilde",137,174,24,"1222301"
182,"spotify:track:09CnYHiZ5jGT1wr1TXJ9Zt","Dimitri Vegas & Like Mike, Tiësto, Dido, W&W, Dimitri Vegas, Like Mike","Thank You (Not So Bad)","Sony Music CG",158,-1,6,"1219601"
183,"spotify:track:35ttE4t8lQZA2vuCYDg4G7","Milo j","M.A.I","DALE PLAY Records",141,180,28,"1218419"
184,"spotify:track:54zcJnb3tp9c5OVKREZ1Is","KAROL G","MI EX TENÍA RAZÓN","Bichota/Interscope Records",15,157,186,"1213450"
185,"spotify:track:1Y3LN4zO1Edc2EluIoSPJN","Stephen Sanchez, Em Beihold","Until I Found You (with Em Beihold) - Em Beihold Version","Republic Records",6,199,419,"1211972"
186,"spotify:track:5O2P9iiztwhomNh8xkR9lJ","One Direction","Night Changes","Syco Music",86,175,511,"1211644"
187,"spotify:track:0nrRP2bk19rLc0orkWPQk2","Avicii","Wake Me Up","Universal Music AB",4,183,670,"1211451"
188,"spotify:track:6RUKPb4LETWmmr3iAEQktW","The Chainsmokers, Coldplay","Something Just Like This","Disruptor Records/Columbia",2,-1,1364,"1208405"
189,"spotify:track:3DK6m7It6Pw857FcQftMds","Kanye West, Pusha T","Runaway","Roc-A-Fella",134,195,70,"1205215"
190,"spotify:track:2nLtzopw4rPReszdYBJU6h","Linkin Park","Numb","Warner Records",12,191,90,"1202934"
191,"spotify:track:6GGtHZgBycCgGBUhZo81xe","Lana Del Rey","Say Yes To Heaven","Polydor Records",7,189,239,"1200552"
192,"spotify:track:0KKkJNfGyhkQ5aFogxQAPU","Bruno Mars","That's What I Like","Atlantic Records",5,-1,658,"1197939"
193,"spotify:track:1v7L65Lzy0j0vdpRjJewt1","Eminem","Lose Yourself","Aftermath",27,-1,905,"1197756"
194,"spotify:track:54ipXppHLA8U4yqpOFTUhr","Imagine Dragons","Bones","Kid Ina Korner / Interscope",27,198,662,"1196821"
195,"spotify:track:2psRActEWsTlYYd7EDoyVR","New West","Those Eyes","Republic Records",75,177,339,"1196342"
196,"spotify:track:7mXuWTczZNxG5EDcjFEuJR","Peso Pluma, Gabito Ballesteros, Junior H","LADY GAGA","Double P Records",6,170,252,"1193758"
197,"spotify:track:7M6CFruBrM5x7u0lTMtm6r","Morat","Cómo Te Atreves","Universal Music Spain S.L.",197,-1,1,"1193299"
198,"spotify:track:5rb9QrpfcKFHM1EUbSIurX","USHER, Lil Jon, Ludacris","Yeah! (feat. Lil Jon & Ludacris)","LaFace Records",36,-1,19,"1192638"
199,"spotify:track:3yfqSUWxFvZELEM4PmlwIR","Eminem","The Real Slim Shady","Interscope",36,-1,824,"1190591"
200,"spotify:track:0dS2u2UFd88TIzDDaZDLvS","d4vd","Here With Me","Darkroom/Interscope Records",13,194,463,"1188425"
